{
  "sma_period": 248,
  "fr_pct_window": 552,
  "fr_entry_pct": 0.7543670768864276,
  "fr_exit_pct": 0.859048652795377,
  "exit_lookback": 24,
  "vol_lookback": 52,
  "vol_pct_window": 984,
  "vol_entry_pct": 0.44992321968390275,
  "vol_exit_pct": 0.5631677850135494
}
