{
  "sma_period": 336,
  "z_window": 1440,
  "z_entry": -2.4441509718731296,
  "z_exit": 1.5116782877922819,
  "exit_lookback": 55
}
